434_	202319	https://tanxin.space/wp-content/uploads/2023/08/434_??_3-01-scaled.jpg
cropped-添心LOGO-無文字.png	8969	https://i0.wp.com/tanxin.space/wp-content/uploads/2023/08/cropped-%E6%B7%BB%E5%BF%83LOGO-%E7%84%A1%E6%96%87%E5%AD%97.png?fit=512%2C512&ssl=1
Hents-亨特木地板-logo.png	2149	https://i0.wp.com/tanxin.space/wp-content/uploads/2023/08/Hents-%E4%BA%A8%E7%89%B9%E6%9C%A8%E5%9C%B0%E6%9D%BF-logo.png?fit=156%2C156&ssl=1
Sakura-台灣櫻花-Logo_ya.png	4704	https://i0.wp.com/tanxin.space/wp-content/uploads/2023/08/Sakura-%E5%8F%B0%E7%81%A3%E6%AB%BB%E8%8A%B1-Logo_ya.png?fit=300%2C300&ssl=1
ToTo-Logo_ya.jpg	1910	https://i0.wp.com/tanxin.space/wp-content/uploads/2023/08/ToTo-Logo_ya.jpg?resize=150%2C150&ssl=1
ToTo-Logo_ya.jpg	3757	https://i0.wp.com/tanxin.space/wp-content/uploads/2023/08/ToTo-Logo_ya.jpg?fit=300%2C300&ssl=1
ToTo-Logo_ya.jpg	3757	https://i0.wp.com/tanxin.space/wp-content/uploads/2023/08/ToTo-Logo_ya.jpg?resize=300%2C300&ssl=1
ToTo-Logo_ya.jpg	4182	https://i0.wp.com/tanxin.space/wp-content/uploads/2023/08/ToTo-Logo_ya.jpg?w=320&ssl=1
川湖科技-Logo_清晰-1.png	3168	https://i0.wp.com/tanxin.space/wp-content/uploads/2023/08/%E5%B7%9D%E6%B9%96%E7%A7%91%E6%8A%80-Logo_%E6%B8%85%E6%99%B0-1.png?fit=300%2C300&ssl=1
為什麼選擇我們.jpg	185303	https://i0.wp.com/tanxin.space/wp-content/uploads/2023/08/%E7%82%BA%E4%BB%80%E9%BA%BC%E9%81%B8%E6%93%87%E6%88%91%E5%80%91.jpg?fit=1431%2C1536&ssl=1
得利-LOGO_ya.png	11912	https://i0.wp.com/tanxin.space/wp-content/uploads/2023/08/%E5%BE%97%E5%88%A9-LOGO_ya.png?fit=300%2C300&ssl=1
添心LOGO-無文字.png	2054	https://i0.wp.com/tanxin.space/wp-content/uploads/2023/08/%E6%B7%BB%E5%BF%83LOGO-%E7%84%A1%E6%96%87%E5%AD%97.png?fit=180%2C180&ssl=1
添心LOGO-無文字.png	2190	https://i0.wp.com/tanxin.space/wp-content/uploads/2023/08/%E6%B7%BB%E5%BF%83LOGO-%E7%84%A1%E6%96%87%E5%AD%97.png?fit=192%2C192&ssl=1
添心LOGO-無文字.png	3308	https://i0.wp.com/tanxin.space/wp-content/uploads/2023/08/%E6%B7%BB%E5%BF%83LOGO-%E7%84%A1%E6%96%87%E5%AD%97.png?fit=270%2C270&ssl=1
富美家-logo_清晰.png	7370	https://i0.wp.com/tanxin.space/wp-content/uploads/2023/08/%E5%AF%8C%E7%BE%8E%E5%AE%B6-logo_%E6%B8%85%E6%99%B0.png?fit=300%2C248&ssl=1
瘛餃	202323	https://tanxin.space/wp-content/uploads/2023/08/瘛餃?LOGO-?⊥?摮?100x100.png
瘛餃	202344	https://tanxin.space/wp-content/uploads/2023/06/瘛餃?閮剛?-X-摰嗅-Logo-??.jpg
